{
  "row_count": 7178158,
  "duplicate_rows": 0,
  "null_counts": {
    "quote_date": 0,
    "expire_date": 0,
    "dte": 0,
    "underlying_last": 0,
    "strike": 0,
    "bid": 2590,
    "ask": 2590,
    "volume": 1465769,
    "last": 2590
  },
  "non_positive_strike_rows": 0,
  "negative_dte_rows": 0,
  "non_positive_spot_rows": 0,
  "negative_bid_rows": 0,
  "negative_ask_rows": 0,
  "ask_below_bid_rows": 8104,
  "non_positive_mid_rows": 14551,
  "unique_quote_dates": 758,
  "unique_expirations": 514,
  "unique_strikes": 641,
  "strike_density_summary": {
    "count": 26171.0,
    "mean": 137.13954376982156,
    "std": 56.492721686937074,
    "min": 1.0,
    "25%": 98.0,
    "50%": 124.0,
    "75%": 177.0,
    "max": 312.0
  },
  "maturity_density_summary": {
    "count": 758.0,
    "mean": 34.52638522427441,
    "std": 2.058257299669797,
    "min": 26.0,
    "25%": 33.0,
    "50%": 34.5,
    "75%": 36.0,
    "max": 39.0
  },
  "zero_volume_ratio": 0.41898074687127257,
  "wide_spread_ratio": 0.08096213541134091,
  "alerts": [
    "Found 8104 rows with ask < bid."
  ]
}